                  epoch,         train/box_loss,         train/cls_loss,         train/dfl_loss,   metrics/precision(B),      metrics/recall(B),       metrics/mAP50(B),    metrics/mAP50-95(B),           val/box_loss,           val/cls_loss,           val/dfl_loss,                 lr/pg0,                 lr/pg1,                 lr/pg2
                      1,                0.70199,                 1.0348,                 0.9518,                0.49498,                0.97956,                0.56546,                0.48157,                0.62852,                0.88236,                0.93169,              0.0033276,              0.0033276,              0.0033276
                      2,                0.72377,                 1.0557,                0.96175,                0.54494,                0.89517,                0.68951,                0.57591,                0.66364,                0.83208,                0.94619,               0.006595,               0.006595,               0.006595
